"","log.length","Treatment","genus","school_individual"
"log.length",1,0.179230973651259,0.665574712089017,0.413485095285799
"Treatment",0.179230973651259,0.999999727052208,0.231492310657047,0.0684361996442064
"genus",0.665574712089017,0.26906717057124,0.999999766823757,0.278042541673572
"school_individual",0.413485095285799,0.148153433275948,0.517855828632957,0.999998913175534
