"","log.length","log.DFSAvg","Treatment","genus","school_individual"
"log.length",1,0.369886726743799,0.179230973625168,0.665574712085166,0.413485095290467
"log.DFSAvg",0.369886726743799,1,0.22941013272403,0.220142832025142,0.050479894099841
"Treatment",0.179230973625168,0.22941013272403,0.999999727052208,0.231492310657047,0.0684361996442064
"genus",0.665574712085166,0.220142832025142,0.26906717057124,0.999999766823757,0.278042541673572
"school_individual",0.413485095290467,0.050479894099841,0.148153433275948,0.517855828632957,0.999998913175534
