"","log.length","Treatment","genus","school_individual"
"log.length",1,0.221606604970828,0.698980938389927,0.409788077207915
"Treatment",0.221606604970828,0.999999741028675,0.250453917007689,0.0800334787828775
"genus",0.698980938389927,0.281244725009894,0.99999965924781,0.279110138223417
"school_individual",0.409788077207915,0.172784517472447,0.536587454643791,0.999998957223119
