"","log.length","sqrt.speed.priorAvg","Treatment","genus","school_individual"
"log.length",1,-0.0418596555906629,0.192471238775179,0.693539982671505,0.411635749583667
"sqrt.speed.priorAvg",-0.0418596555906629,1,0.315256261747181,0.388998738081947,0.15313927648306
"Treatment",0.192471238775179,0.315256261747181,0.999999795362865,0.216771776568504,0.0730833424574874
"genus",0.693539982671505,0.388998738081947,0.243333646616125,0.999999750477672,0.273108914857905
"school_individual",0.411635749583667,0.15313927648306,0.161128588340874,0.536483179206849,0.999998792837093
