"","log.length","sqrt.dfs.fid","Treatment","genus","school_individual"
"log.length",1,0.324957102523526,0.21307622605215,0.709846977031837,0.627609062190412
"sqrt.dfs.fid",0.324957102523526,1,0.0597585119297419,0.380608264062132,0.162176299607961
"Treatment",0.21307622605215,0.0597585119297419,0.999999869140156,0.261774194220152,0.124857726766376
"genus",0.709846977031837,0.380608264062132,0.292675716990888,0.999999836472658,0.380785486464899
"school_individual",0.627609062190412,0.162176299607961,0.212684009945581,0.580148880607498,0.999999501105744
