"","log.length","sqrt.speed.priorAvg","Treatment","genus","school_individual"
"log.length",1,-0.0219022007796541,0.210369635319892,0.720300816217066,0.595475073835904
"sqrt.speed.priorAvg",-0.0219022007796541,1,0.236916878296384,0.354610680360333,0.164444201339452
"Treatment",0.210369635319892,0.236916878296384,0.999999839014116,0.246547778677948,0.101435619192274
"genus",0.720300816217066,0.354610680360333,0.274193972552321,0.99999979291491,0.406302541461429
"school_individual",0.595475073835904,0.164444201339452,0.17055225825519,0.614270040437773,0.999999671171983
