"","log.length","log.DFSAvg","Treatment","genus","school_individual"
"log.length",1,0.436537044654198,0.180763429198912,0.695234017176314,0.584387736500268
"log.DFSAvg",0.436537044654198,1,0.157731228907477,0.394100963844259,0.146382335449583
"Treatment",0.180763429198912,0.157731228907477,0.999999825094739,0.252291786676172,0.0819396044192614
"genus",0.695234017176314,0.394100963844259,0.288968087608703,0.999999715043758,0.40745222010601
"school_individual",0.584387736500268,0.146382335449583,0.13697151381729,0.594655635821174,0.999999572602298
