"","log.length","sqrt.speed.priorAvg","Treatment","genus","school_individual"
"log.length",1,-0.0418596548103381,0.192471238751844,0.693539982668062,0.411635749588227
"sqrt.speed.priorAvg",-0.0418596548103381,1,0.315256261667854,0.388998737531316,0.153139275119315
"Treatment",0.192471238751844,0.315256261667854,0.999999795362865,0.216771776568504,0.0730833424574874
"genus",0.693539982668062,0.388998737531316,0.243333646616125,0.999999750477672,0.273108914857905
"school_individual",0.411635749588227,0.153139275119315,0.161128588340874,0.536483179206849,0.999998792837093
